hole_id,latitude,longitude,collar_elevation_m,total_depth_m,depth_from_m,depth_to_m,thickness_m,mn_grade_pct,fe_grade_pct,sio2_pct,lithology_code,sample_date,structural_domain,is_ore_bearing,source
DH-0001,21.857899,80.169502,399.4,67.5,44.4,51.5,7.1,4.46,5.73,49.82,QUARTZITE,2023-08-30,Syncline_Axis_West,0,synthetic
DH-0002,21.863339,80.174142,376.7,149.1,51.6,59.0,7.4,37.81,9.55,19.61,MANSAR_SCHIST,2025-12-08,Syncline_Axis_West,1,synthetic
DH-0003,21.871086,80.180133,412.6,53.6,42.6,48.0,5.4,1.22,5.35,69.62,TIRODI_GNEISS,2025-10-13,Syncline_Axis_West,0,synthetic
DH-0004,21.862322,80.172496,403.2,106.5,10.1,17.1,7.0,1.93,6.9,52.13,CALC_GRANULITE,2023-12-08,Syncline_Axis_West,0,synthetic
DH-0005,21.856206,80.168048,420.1,94.6,66.6,73.9,7.3,2.15,2.94,62.2,CALC_GRANULITE,2023-08-25,Syncline_Axis_West,0,synthetic
DH-0006,21.861761,80.178264,411.8,75.8,5.2,12.2,7.0,0.33,5.78,53.43,TIRODI_GNEISS,2023-01-26,Syncline_Axis_West,0,synthetic
DH-0007,21.864977,80.168372,404.4,78.0,27.9,35.3,7.4,0.64,6.54,69.11,CALC_GRANULITE,2024-01-02,Syncline_Axis_West,0,synthetic
DH-0008,21.863403,80.165448,356.9,170.7,91.1,98.5,7.4,4.9,4.59,51.87,QUARTZITE,2025-05-08,Syncline_Axis_West,0,synthetic
DH-0009,21.860603,80.179283,395.6,75.3,30.1,36.1,6.0,4.26,3.04,65.89,QUARTZITE,2024-07-09,Syncline_Axis_West,0,synthetic
DH-0010,21.862352,80.174079,357.0,156.5,25.7,35.9,10.2,17.3,8.1,20.16,GONDITE,2023-04-18,Syncline_Axis_West,0,synthetic
DH-0011,21.865105,80.174985,392.0,69.2,58.2,65.9,7.7,1.56,6.61,52.06,TIRODI_GNEISS,2023-05-22,Syncline_Axis_West,0,synthetic
DH-0012,21.857129,80.169713,421.6,163.4,119.8,123.0,3.2,1.83,5.96,55.05,CALC_GRANULITE,2023-06-26,Syncline_Axis_West,0,synthetic
DH-0013,21.864203,80.167833,394.6,119.7,43.6,46.6,3.0,4.47,6.07,55.27,QUARTZITE,2024-09-14,Syncline_Axis_West,0,synthetic
DH-0014,21.857984,80.176082,382.0,144.8,65.2,70.3,5.1,2.9,6.05,54.33,QUARTZITE,2025-10-07,Syncline_Axis_West,0,synthetic
DH-0015,21.860074,80.178726,400.8,179.7,125.6,130.4,4.8,3.74,4.37,58.32,QUARTZITE,2024-05-17,Syncline_Axis_West,0,synthetic
DH-0016,21.862932,80.176065,367.8,65.3,11.0,19.7,8.7,26.05,8.88,30.48,GONDITE,2023-01-20,Syncline_Axis_West,1,synthetic
DH-0017,21.86207,80.177523,386.9,173.4,125.2,128.8,3.6,7.46,3.69,59.67,QUARTZITE,2024-09-21,Syncline_Axis_West,0,synthetic
DH-0018,21.862414,80.178133,388.6,59.0,48.3,52.2,3.9,1.64,3.22,55.72,TIRODI_GNEISS,2023-05-03,Syncline_Axis_West,0,synthetic
DH-0019,21.866238,80.17308,424.9,176.3,119.8,121.5,1.7,4.65,2.05,68.02,QUARTZITE,2024-04-19,Syncline_Axis_West,0,synthetic
DH-0020,21.869836,80.167711,397.5,166.1,67.4,74.7,7.3,1.9,2.12,68.5,TIRODI_GNEISS,2025-07-27,Syncline_Axis_West,0,synthetic
DH-0021,21.869959,80.170895,402.3,176.6,98.0,106.3,8.3,26.57,5.32,15.34,MANSAR_SCHIST,2025-03-18,Syncline_Axis_West,1,synthetic
DH-0022,21.859858,80.178294,388.2,55.1,23.1,36.7,13.6,31.28,9.04,18.62,MANSAR_SCHIST,2024-04-29,Syncline_Axis_West,1,synthetic
DH-0023,21.868221,80.176172,361.6,84.4,69.3,73.1,3.8,1.63,2.61,63.01,CALC_GRANULITE,2024-10-30,Syncline_Axis_West,0,synthetic
DH-0024,21.866006,80.171632,358.0,87.9,24.7,38.1,13.4,23.38,8.12,26.6,GONDITE,2023-10-06,Syncline_Axis_West,1,synthetic
DH-0025,21.866267,80.171863,421.7,150.3,19.7,21.4,1.7,1.57,4.62,47.29,TIRODI_GNEISS,2025-07-09,Syncline_Axis_West,0,synthetic
DH-0026,21.861049,80.173008,424.2,107.9,20.0,26.6,6.6,25.45,5.99,25.06,GONDITE,2024-03-01,Syncline_Axis_West,1,synthetic
DH-0027,21.866054,80.171059,362.8,106.0,29.1,30.9,1.8,3.44,5.39,47.22,CALC_GRANULITE,2023-11-19,Syncline_Axis_West,0,synthetic
DH-0028,21.865231,80.172546,363.5,154.0,116.6,127.1,10.5,23.79,5.92,16.44,GONDITE,2023-03-24,Syncline_Axis_West,1,synthetic
DH-0029,21.85592,80.179937,364.8,74.0,13.8,19.8,6.0,1.85,5.67,48.39,CALC_GRANULITE,2024-12-29,Syncline_Axis_West,0,synthetic
DH-0030,21.859251,80.184387,383.4,98.5,61.5,64.3,2.8,1.7,6.24,55.77,QUARTZITE,2023-12-23,Syncline_Axis_West,0,synthetic
DH-0031,21.864886,80.175001,394.5,49.2,30.7,39.6,8.9,18.83,10.54,25.64,GONDITE,2024-05-26,Syncline_Axis_West,1,synthetic
DH-0032,21.860211,80.183503,414.2,57.8,39.4,41.4,2.0,3.34,5.0,59.2,QUARTZITE,2023-01-25,Syncline_Axis_West,0,synthetic
DH-0033,21.863612,80.168996,378.5,53.3,10.0,16.8,6.8,4.6,6.99,58.48,QUARTZITE,2025-02-01,Syncline_Axis_West,0,synthetic
DH-0034,21.86519,80.168394,371.5,137.6,75.6,81.1,5.5,22.8,4.16,20.62,MANSAR_SCHIST,2023-06-03,Syncline_Axis_West,1,synthetic
DH-0035,21.858348,80.172799,409.9,47.9,14.5,24.4,9.9,36.65,8.11,12.55,MANSAR_SCHIST,2023-09-21,Syncline_Axis_West,1,synthetic
DH-0036,21.856467,80.172261,406.0,57.4,10.2,17.8,7.6,0.96,2.52,68.94,CALC_GRANULITE,2023-04-14,Syncline_Axis_West,0,synthetic
DH-0037,21.861345,80.172345,390.0,67.7,27.8,33.9,6.1,0.7,3.38,72.52,TIRODI_GNEISS,2025-10-13,Syncline_Axis_West,0,synthetic
DH-0038,21.864875,80.169115,421.9,49.0,19.5,23.0,3.5,0.31,3.6,49.7,TIRODI_GNEISS,2024-01-19,Syncline_Axis_West,0,synthetic
DH-0039,21.866436,80.16857,413.9,82.1,64.3,65.5,1.2,1.16,2.06,58.59,CALC_GRANULITE,2024-05-18,Syncline_Axis_West,0,synthetic
DH-0040,21.862382,80.17254,383.6,132.4,53.4,58.3,4.9,2.64,4.57,64.53,CALC_GRANULITE,2023-05-05,Syncline_Axis_West,0,synthetic
DH-0041,21.863296,80.169701,424.4,56.8,14.4,19.2,4.8,23.35,6.07,22.8,GONDITE,2025-12-12,Syncline_Axis_West,1,synthetic
DH-0042,21.870691,80.182865,414.7,78.6,55.6,63.5,7.9,1.13,2.05,71.06,TIRODI_GNEISS,2025-01-05,Syncline_Axis_West,0,synthetic
DH-0043,21.86655,80.171403,373.6,109.8,39.2,48.2,9.0,16.79,10.9,18.4,GONDITE,2024-10-20,Syncline_Axis_West,0,synthetic
DH-0044,21.863332,80.174214,390.8,97.4,11.9,21.3,9.4,30.31,4.99,20.6,MANSAR_SCHIST,2023-03-02,Syncline_Axis_West,1,synthetic
DH-0045,21.860934,80.175017,382.9,165.9,18.3,32.2,13.9,18.33,8.23,23.77,GONDITE,2025-12-20,Syncline_Axis_West,1,synthetic
DH-0046,21.859315,80.176305,375.0,93.3,76.5,80.2,3.7,30.65,7.23,18.61,MANSAR_SCHIST,2024-05-08,Syncline_Axis_West,1,synthetic
DH-0047,21.862964,80.174772,423.2,81.0,52.8,66.2,13.4,34.37,6.58,29.31,MANSAR_SCHIST,2025-03-06,Syncline_Axis_West,1,synthetic
DH-0048,21.862721,80.17099,378.5,92.9,18.7,23.8,5.1,7.91,2.95,65.79,QUARTZITE,2025-01-04,Syncline_Axis_West,0,synthetic
DH-0049,21.858699,80.174917,366.7,168.4,112.9,116.4,3.5,4.44,2.63,52.09,QUARTZITE,2023-10-19,Syncline_Axis_West,0,synthetic
DH-0050,21.86383,80.165545,378.5,121.0,93.7,100.4,6.7,2.58,3.63,47.32,QUARTZITE,2025-10-05,Syncline_Axis_West,0,synthetic
DH-0051,21.862901,80.175268,408.0,118.2,55.7,59.2,3.5,29.59,6.04,25.93,MANSAR_SCHIST,2024-04-21,Syncline_Axis_West,1,synthetic
DH-0052,21.861569,80.17819,372.0,126.2,63.5,64.5,1.0,2.77,5.2,48.12,QUARTZITE,2024-02-17,Syncline_Axis_West,0,synthetic
DH-0053,21.864557,80.186142,363.0,153.9,104.6,112.0,7.4,2.06,3.09,56.66,CALC_GRANULITE,2024-10-24,Syncline_Axis_West,0,synthetic
DH-0054,21.859905,80.174213,422.0,53.0,27.3,34.7,7.4,2.17,6.11,55.64,QUARTZITE,2023-08-16,Syncline_Axis_West,0,synthetic
DH-0055,21.857267,80.177684,406.3,159.3,143.6,147.2,3.6,2.43,3.2,53.37,CALC_GRANULITE,2025-03-21,Syncline_Axis_West,0,synthetic
DH-0056,21.859403,80.17261,378.6,124.1,37.9,39.9,2.0,3.41,3.66,52.71,CALC_GRANULITE,2023-11-19,Syncline_Axis_West,0,synthetic
DH-0057,21.861977,80.173938,403.6,143.9,107.1,114.8,7.7,0.56,4.98,64.42,CALC_GRANULITE,2024-10-11,Syncline_Axis_West,0,synthetic
DH-0058,21.869019,80.17095,385.0,68.5,42.1,49.6,7.5,1.13,3.24,65.01,TIRODI_GNEISS,2024-12-31,Syncline_Axis_West,0,synthetic
DH-0059,21.861042,80.173454,424.2,75.1,53.9,57.5,3.6,1.9,2.52,56.29,TIRODI_GNEISS,2024-08-26,Syncline_Axis_West,0,synthetic
DH-0060,21.863949,80.173687,416.6,62.2,45.3,58.7,13.4,24.99,4.89,23.76,MANSAR_SCHIST,2025-03-12,Syncline_Axis_West,1,synthetic
DH-0061,21.871261,80.174618,376.4,159.9,9.7,14.9,5.2,0.24,5.05,58.96,TIRODI_GNEISS,2024-03-28,Syncline_Axis_West,0,synthetic
DH-0062,21.86439,80.177594,382.9,131.4,109.7,113.8,4.1,36.48,4.11,18.54,MANSAR_SCHIST,2023-06-09,Syncline_Axis_West,1,synthetic
DH-0063,21.864159,80.17667,392.3,77.1,18.7,31.4,12.7,29.0,5.43,16.97,GONDITE,2023-07-01,Syncline_Axis_West,1,synthetic
DH-0064,21.861789,80.172373,421.7,155.9,95.0,102.2,7.2,1.35,6.77,52.61,TIRODI_GNEISS,2025-07-03,Syncline_Axis_West,0,synthetic
DH-0065,21.850318,80.180084,359.3,46.5,12.9,14.4,1.5,3.37,3.37,52.34,QUARTZITE,2024-06-09,Syncline_Axis_West,0,synthetic
DH-0066,21.858757,80.167539,376.6,151.2,5.2,8.9,3.7,1.88,4.87,77.37,TIRODI_GNEISS,2025-05-09,Syncline_Axis_West,0,synthetic
DH-0067,21.865723,80.173968,397.6,175.8,84.4,91.3,6.9,26.41,5.44,18.79,GONDITE,2025-02-07,Syncline_Axis_West,1,synthetic
DH-0068,21.860543,80.170351,355.3,58.7,39.5,44.5,5.0,1.54,2.43,47.87,CALC_GRANULITE,2024-04-06,Syncline_Axis_West,0,synthetic
DH-0069,21.864204,80.1744,365.2,67.0,43.6,46.5,2.9,29.01,7.94,17.89,MANSAR_SCHIST,2023-02-11,Syncline_Axis_West,1,synthetic
DH-0070,21.860849,80.165635,377.0,88.0,10.4,12.6,2.2,1.77,3.17,71.68,QUARTZITE,2025-02-07,Syncline_Axis_West,0,synthetic
DH-0071,21.862168,80.165687,375.8,66.7,32.8,45.6,12.8,26.66,8.06,28.52,MANSAR_SCHIST,2023-07-10,Syncline_Axis_West,1,synthetic
DH-0072,21.857867,80.167983,387.8,90.6,72.5,78.4,5.9,1.55,3.63,64.35,TIRODI_GNEISS,2025-06-02,Syncline_Axis_West,0,synthetic
DH-0073,21.86955,80.170434,366.5,172.2,100.5,104.5,4.0,4.27,6.45,63.92,QUARTZITE,2023-04-20,Syncline_Axis_West,0,synthetic
DH-0074,21.854106,80.168521,397.0,58.7,47.6,51.5,3.9,6.97,5.35,66.17,QUARTZITE,2024-06-27,Syncline_Axis_West,0,synthetic
DH-0075,21.86295,80.176952,413.3,134.2,33.3,34.6,1.3,2.22,5.65,57.44,CALC_GRANULITE,2025-10-02,Syncline_Axis_West,0,synthetic
DH-0076,21.864665,80.168556,368.8,65.7,5.2,6.8,1.6,3.56,2.43,46.0,CALC_GRANULITE,2025-09-10,Syncline_Axis_West,0,synthetic
DH-0077,21.857016,80.179408,384.3,72.0,16.8,22.3,5.5,2.06,2.02,74.65,QUARTZITE,2023-06-17,Syncline_Axis_West,0,synthetic
DH-0078,21.862012,80.167199,423.0,108.9,34.0,37.8,3.8,2.2,4.54,69.09,QUARTZITE,2025-09-28,Syncline_Axis_West,0,synthetic
DH-0079,21.867639,80.178235,387.0,165.8,22.8,31.6,8.8,22.37,8.54,24.17,GONDITE,2024-01-14,Syncline_Axis_West,1,synthetic
DH-0080,21.867478,80.170481,383.7,95.1,35.9,43.5,7.6,22.41,7.98,21.06,GONDITE,2024-06-23,Syncline_Axis_West,1,synthetic
DH-0081,21.875607,80.192473,401.3,104.4,28.0,33.6,5.6,21.06,9.19,16.5,GONDITE,2023-05-07,Main_Lode_Central,1,synthetic
DH-0082,21.872024,80.191749,362.2,65.4,38.6,40.2,1.6,1.42,2.57,75.29,TIRODI_GNEISS,2024-12-05,Main_Lode_Central,0,synthetic
DH-0083,21.874849,80.188811,369.2,154.1,135.3,144.6,9.3,15.63,9.58,21.91,GONDITE,2023-05-05,Main_Lode_Central,0,synthetic
DH-0084,21.878616,80.189646,381.0,158.5,138.9,149.3,10.4,18.93,5.67,21.97,GONDITE,2025-08-30,Main_Lode_Central,1,synthetic
DH-0085,21.877074,80.180991,401.9,122.3,56.1,57.7,1.6,6.12,3.03,48.82,QUARTZITE,2023-03-13,Main_Lode_Central,0,synthetic
DH-0086,21.870913,80.191285,360.9,112.8,83.3,89.0,5.7,0.79,5.78,55.37,TIRODI_GNEISS,2023-10-29,Main_Lode_Central,0,synthetic
DH-0087,21.876556,80.186802,394.4,61.2,13.0,20.9,7.9,2.24,4.42,57.14,CALC_GRANULITE,2024-03-09,Main_Lode_Central,0,synthetic
DH-0088,21.874766,80.189394,366.7,154.1,10.9,12.4,1.5,5.31,5.89,71.69,QUARTZITE,2025-06-10,Main_Lode_Central,0,synthetic
DH-0089,21.877306,80.196734,367.4,72.3,49.5,55.0,5.5,31.18,6.57,23.16,MANSAR_SCHIST,2023-05-18,Main_Lode_Central,1,synthetic
DH-0090,21.886579,80.190112,357.2,56.7,27.5,39.9,12.4,26.99,5.35,25.04,GONDITE,2025-11-30,Main_Lode_Central,1,synthetic
DH-0091,21.877934,80.190473,413.5,106.9,74.4,84.1,9.7,31.86,4.82,19.73,MANSAR_SCHIST,2025-12-06,Main_Lode_Central,1,synthetic
DH-0092,21.879469,80.197375,388.9,150.5,62.0,66.2,4.2,34.85,5.91,28.41,MANSAR_SCHIST,2023-07-25,Main_Lode_Central,1,synthetic
DH-0093,21.87024,80.197162,357.8,169.9,125.8,132.3,6.5,1.8,6.09,63.97,TIRODI_GNEISS,2026-01-01,Main_Lode_Central,0,synthetic
DH-0094,21.885034,80.187858,387.6,163.8,44.3,49.9,5.6,1.58,6.19,68.16,CALC_GRANULITE,2025-08-26,Main_Lode_Central,0,synthetic
DH-0095,21.880372,80.187811,389.1,50.1,20.1,29.7,9.6,15.4,8.9,29.3,GONDITE,2025-04-02,Main_Lode_Central,0,synthetic
DH-0096,21.878705,80.195743,364.9,50.2,27.4,30.5,3.1,20.21,9.98,31.23,GONDITE,2025-08-31,Main_Lode_Central,1,synthetic
DH-0097,21.87965,80.186415,395.2,169.3,12.9,24.8,11.9,23.77,9.64,17.52,GONDITE,2024-09-12,Main_Lode_Central,1,synthetic
DH-0098,21.875538,80.192111,360.4,87.0,63.2,73.6,10.4,29.07,6.92,27.94,GONDITE,2024-04-11,Main_Lode_Central,1,synthetic
DH-0099,21.869671,80.204014,411.5,63.1,26.3,33.1,6.8,1.64,2.5,66.0,TIRODI_GNEISS,2024-07-05,Main_Lode_Central,0,synthetic
DH-0100,21.878874,80.191806,370.7,143.4,87.9,90.2,2.3,0.98,3.91,48.52,TIRODI_GNEISS,2024-03-08,Main_Lode_Central,0,synthetic
DH-0101,21.876896,80.189763,407.5,168.3,116.2,127.4,11.2,28.91,4.57,24.5,GONDITE,2025-02-04,Main_Lode_Central,1,synthetic
DH-0102,21.88197,80.186753,384.9,155.8,116.4,117.9,1.5,1.16,5.82,47.59,TIRODI_GNEISS,2025-11-03,Main_Lode_Central,0,synthetic
DH-0103,21.881402,80.20127,397.7,99.5,79.3,80.5,1.2,1.85,5.93,52.25,TIRODI_GNEISS,2024-01-30,Main_Lode_Central,0,synthetic
DH-0104,21.876233,80.190588,398.6,163.1,129.0,131.7,2.7,2.16,6.25,71.35,QUARTZITE,2025-07-23,Main_Lode_Central,0,synthetic
DH-0105,21.868657,80.190494,383.4,51.8,30.9,33.8,2.9,1.21,4.9,47.75,CALC_GRANULITE,2025-08-08,Main_Lode_Central,0,synthetic
DH-0106,21.879278,80.186579,376.2,113.2,95.6,101.4,5.8,1.1,4.58,46.2,TIRODI_GNEISS,2024-05-10,Main_Lode_Central,0,synthetic
DH-0107,21.867292,80.19453,384.1,95.3,40.8,48.5,7.7,1.39,2.77,61.49,TIRODI_GNEISS,2025-08-29,Main_Lode_Central,0,synthetic
DH-0108,21.87539,80.197407,366.6,124.2,42.6,49.5,6.9,1.24,2.63,57.46,CALC_GRANULITE,2024-06-13,Main_Lode_Central,0,synthetic
DH-0109,21.873388,80.190673,397.3,146.1,16.9,18.1,1.2,1.94,6.15,53.79,TIRODI_GNEISS,2023-04-12,Main_Lode_Central,0,synthetic
DH-0110,21.871293,80.1912,413.4,67.0,45.6,48.1,2.5,1.56,6.08,52.25,TIRODI_GNEISS,2024-03-29,Main_Lode_Central,0,synthetic
DH-0111,21.873152,80.196919,401.7,132.4,38.9,46.1,7.2,33.29,10.8,12.87,MANSAR_SCHIST,2023-02-11,Main_Lode_Central,1,synthetic
DH-0112,21.869629,80.187449,411.5,161.7,6.3,13.7,7.4,1.07,5.59,56.94,TIRODI_GNEISS,2023-12-21,Main_Lode_Central,0,synthetic
DH-0113,21.881531,80.186707,409.6,126.2,32.6,42.1,9.5,24.3,5.49,19.03,MANSAR_SCHIST,2024-09-17,Main_Lode_Central,1,synthetic
DH-0114,21.880469,80.18416,413.0,141.2,59.2,66.0,6.8,24.13,6.57,22.12,GONDITE,2024-12-15,Main_Lode_Central,1,synthetic
DH-0115,21.879871,80.191593,368.5,107.0,48.3,58.6,10.3,32.04,6.76,15.26,MANSAR_SCHIST,2025-03-24,Main_Lode_Central,1,synthetic
DH-0116,21.877114,80.185308,376.0,123.9,60.7,66.3,5.6,4.14,3.06,65.75,QUARTZITE,2025-02-05,Main_Lode_Central,0,synthetic
DH-0117,21.876349,80.182116,388.8,120.8,69.4,72.5,3.1,1.63,3.08,74.84,TIRODI_GNEISS,2023-08-10,Main_Lode_Central,0,synthetic
DH-0118,21.873991,80.195776,367.6,110.0,94.0,103.9,9.9,19.99,7.9,12.93,GONDITE,2024-07-21,Main_Lode_Central,1,synthetic
DH-0119,21.874209,80.188682,373.0,80.3,67.2,72.8,5.6,1.31,3.14,73.77,TIRODI_GNEISS,2024-01-21,Main_Lode_Central,0,synthetic
DH-0120,21.879026,80.194043,414.3,65.2,50.2,56.8,6.6,4.76,3.87,52.38,QUARTZITE,2025-04-07,Main_Lode_Central,0,synthetic
DH-0121,21.880369,80.191013,396.6,134.2,21.7,22.9,1.2,0.84,5.48,66.41,TIRODI_GNEISS,2025-10-15,Main_Lode_Central,0,synthetic
DH-0122,21.881149,80.197128,370.5,179.7,150.3,157.5,7.2,31.62,4.32,21.35,GONDITE,2023-03-14,Main_Lode_Central,1,synthetic
DH-0123,21.868946,80.185246,409.7,123.7,93.7,97.1,3.4,1.83,3.98,63.62,TIRODI_GNEISS,2024-03-31,Main_Lode_Central,0,synthetic
DH-0124,21.877911,80.191982,407.2,137.7,112.2,122.4,10.2,25.52,6.21,21.01,GONDITE,2025-11-04,Main_Lode_Central,1,synthetic
DH-0125,21.879488,80.189238,371.4,85.5,64.3,71.4,7.1,3.85,5.32,63.63,QUARTZITE,2024-01-06,Main_Lode_Central,0,synthetic
DH-0126,21.879308,80.186618,380.8,84.7,17.6,23.1,5.5,23.06,8.56,12.9,GONDITE,2024-01-10,Main_Lode_Central,1,synthetic
DH-0127,21.880091,80.187277,391.4,172.8,106.7,111.8,5.1,19.08,8.47,15.99,GONDITE,2024-04-02,Main_Lode_Central,1,synthetic
DH-0128,21.878565,80.195087,388.0,145.5,59.9,67.1,7.2,1.87,3.18,66.83,CALC_GRANULITE,2025-01-31,Main_Lode_Central,0,synthetic
DH-0129,21.869118,80.194405,379.1,80.2,35.2,37.0,1.8,1.52,5.55,66.49,CALC_GRANULITE,2023-04-20,Main_Lode_Central,0,synthetic
DH-0130,21.868185,80.184274,380.6,162.0,90.3,95.6,5.3,0.35,3.34,55.6,TIRODI_GNEISS,2025-08-25,Main_Lode_Central,0,synthetic
DH-0131,21.88254,80.191615,382.7,165.1,23.0,28.8,5.8,1.69,6.92,73.91,TIRODI_GNEISS,2025-12-21,Main_Lode_Central,0,synthetic
DH-0132,21.882118,80.198624,364.1,85.3,66.2,68.3,2.1,5.4,4.53,67.88,QUARTZITE,2024-02-15,Main_Lode_Central,0,synthetic
DH-0133,21.881055,80.176949,382.9,91.3,73.1,81.0,7.9,1.78,6.2,70.94,TIRODI_GNEISS,2023-10-21,Main_Lode_Central,0,synthetic
DH-0134,21.87878,80.188646,368.8,87.7,58.8,66.9,8.1,33.99,8.48,20.32,MANSAR_SCHIST,2023-12-29,Main_Lode_Central,1,synthetic
DH-0135,21.878607,80.199911,374.3,87.3,5.3,8.2,2.9,2.83,5.47,45.1,QUARTZITE,2023-12-12,Main_Lode_Central,0,synthetic
DH-0136,21.867679,80.195736,376.2,122.8,57.8,64.1,6.3,5.69,6.83,72.49,QUARTZITE,2023-06-30,Main_Lode_Central,0,synthetic
DH-0137,21.875798,80.199364,382.5,62.5,33.8,40.9,7.1,20.46,9.94,19.68,GONDITE,2025-09-04,Main_Lode_Central,1,synthetic
DH-0138,21.869575,80.188843,374.2,96.7,48.3,59.2,10.9,31.82,7.14,24.12,MANSAR_SCHIST,2023-01-29,Main_Lode_Central,1,synthetic
DH-0139,21.882103,80.191399,407.6,165.4,33.7,39.4,5.7,1.1,3.77,75.8,TIRODI_GNEISS,2024-05-24,Main_Lode_Central,0,synthetic
DH-0140,21.883886,80.183786,355.6,75.5,23.9,25.6,1.7,2.46,4.42,58.98,CALC_GRANULITE,2025-10-27,Main_Lode_Central,0,synthetic
DH-0141,21.871517,80.190659,362.6,124.5,16.5,19.5,3.0,33.35,8.12,21.6,MANSAR_SCHIST,2024-08-18,Main_Lode_Central,1,synthetic
DH-0142,21.883122,80.200291,376.5,106.6,45.4,55.8,10.4,30.14,8.2,25.95,GONDITE,2023-10-02,Main_Lode_Central,1,synthetic
DH-0143,21.882925,80.189173,395.9,91.3,33.8,38.5,4.7,30.02,6.14,14.76,GONDITE,2025-04-06,Main_Lode_Central,1,synthetic
DH-0144,21.877483,80.188004,404.3,47.6,28.7,30.6,1.9,7.45,3.74,63.52,QUARTZITE,2023-02-14,Main_Lode_Central,0,synthetic
DH-0145,21.877342,80.190562,376.9,124.6,18.5,24.5,6.0,2.47,5.82,65.89,QUARTZITE,2023-03-18,Main_Lode_Central,0,synthetic
DH-0146,21.883223,80.19789,418.4,95.7,25.6,30.3,4.7,0.32,3.05,45.27,TIRODI_GNEISS,2023-04-10,Main_Lode_Central,0,synthetic
DH-0147,21.879016,80.193058,424.9,125.2,76.3,86.3,10.0,22.31,5.64,23.76,MANSAR_SCHIST,2023-02-10,Main_Lode_Central,1,synthetic
DH-0148,21.877975,80.186843,401.7,51.5,21.0,27.9,6.9,35.01,4.9,30.51,MANSAR_SCHIST,2024-06-01,Main_Lode_Central,1,synthetic
DH-0149,21.872268,80.18758,391.9,109.0,24.3,30.1,5.8,4.69,5.3,57.04,QUARTZITE,2023-01-20,Main_Lode_Central,0,synthetic
DH-0150,21.884847,80.186372,368.3,85.7,12.1,16.7,4.6,1.16,3.04,49.66,TIRODI_GNEISS,2023-10-08,Main_Lode_Central,0,synthetic
DH-0151,21.873415,80.195929,372.1,101.5,49.3,54.6,5.3,6.28,3.38,73.79,QUARTZITE,2024-08-01,Main_Lode_Central,0,synthetic
DH-0152,21.872198,80.196864,384.9,60.4,27.6,32.9,5.3,2.88,4.34,66.57,QUARTZITE,2024-06-22,Main_Lode_Central,0,synthetic
DH-0153,21.885603,80.194449,393.2,157.3,55.9,59.8,3.9,4.17,4.66,70.74,QUARTZITE,2023-11-25,Main_Lode_Central,0,synthetic
DH-0154,21.872928,80.199662,423.2,50.3,33.0,43.4,10.4,17.72,6.39,16.57,GONDITE,2025-09-11,Main_Lode_Central,0,synthetic
DH-0155,21.874834,80.190867,367.4,89.6,10.8,14.3,3.5,32.93,10.13,27.97,MANSAR_SCHIST,2023-08-15,Main_Lode_Central,1,synthetic
DH-0156,21.87756,80.183862,357.1,157.8,75.6,83.2,7.6,1.65,4.28,49.95,TIRODI_GNEISS,2025-11-13,Main_Lode_Central,0,synthetic
DH-0157,21.871046,80.188913,382.5,55.1,9.1,11.9,2.8,0.83,6.68,63.56,TIRODI_GNEISS,2024-04-18,Main_Lode_Central,0,synthetic
DH-0158,21.878369,80.193373,401.3,106.7,29.2,30.6,1.4,0.51,5.07,56.75,CALC_GRANULITE,2023-12-24,Main_Lode_Central,0,synthetic
DH-0159,21.875917,80.185271,406.5,163.0,58.3,64.0,5.7,1.81,4.71,73.09,CALC_GRANULITE,2025-05-22,Main_Lode_Central,0,synthetic
DH-0160,21.872965,80.18825,374.7,144.7,115.4,122.6,7.2,2.54,3.65,60.33,QUARTZITE,2023-01-20,Main_Lode_Central,0,synthetic
DH-0161,21.886362,80.179686,366.3,160.0,54.4,67.2,12.8,37.19,7.57,15.72,MANSAR_SCHIST,2024-07-03,Northern_Limb,1,synthetic
DH-0162,21.889521,80.179981,412.9,163.6,60.4,63.8,3.4,5.2,6.33,61.83,QUARTZITE,2023-08-22,Northern_Limb,0,synthetic
DH-0163,21.889129,80.183212,384.8,99.1,30.1,37.0,6.9,20.3,8.37,15.85,GONDITE,2025-09-06,Northern_Limb,1,synthetic
DH-0164,21.88167,80.176413,357.2,153.0,127.3,129.5,2.2,0.67,2.62,68.07,TIRODI_GNEISS,2023-09-29,Northern_Limb,0,synthetic
DH-0165,21.885922,80.179508,374.2,139.0,121.9,134.1,12.2,25.43,4.6,29.93,MANSAR_SCHIST,2023-08-01,Northern_Limb,1,synthetic
DH-0166,21.884105,80.181068,401.3,101.2,46.6,51.6,5.0,0.58,3.94,66.15,TIRODI_GNEISS,2025-06-16,Northern_Limb,0,synthetic
DH-0167,21.884923,80.184453,413.7,69.5,47.5,52.8,5.3,3.01,6.9,50.07,CALC_GRANULITE,2023-09-25,Northern_Limb,0,synthetic
DH-0168,21.883666,80.184252,400.0,110.2,15.8,19.7,3.9,1.93,4.09,62.4,CALC_GRANULITE,2023-04-05,Northern_Limb,0,synthetic
DH-0169,21.883489,80.178327,375.4,53.6,17.1,23.0,5.9,0.36,4.3,76.27,TIRODI_GNEISS,2025-12-10,Northern_Limb,0,synthetic
DH-0170,21.884681,80.183239,396.3,148.6,101.7,104.3,2.6,0.86,2.45,70.94,TIRODI_GNEISS,2024-11-23,Northern_Limb,0,synthetic
DH-0171,21.888184,80.174154,380.0,115.1,75.1,76.8,1.7,1.2,6.01,51.97,TIRODI_GNEISS,2024-05-24,Northern_Limb,0,synthetic
DH-0172,21.879526,80.178941,360.3,110.1,69.3,73.0,3.7,0.54,2.3,74.6,TIRODI_GNEISS,2023-04-22,Northern_Limb,0,synthetic
DH-0173,21.87907,80.18082,358.7,46.6,20.9,28.8,7.9,29.54,8.68,24.83,MANSAR_SCHIST,2025-10-12,Northern_Limb,1,synthetic
DH-0174,21.884974,80.175391,383.3,162.4,115.8,119.0,3.2,6.71,3.66,49.85,QUARTZITE,2024-11-08,Northern_Limb,0,synthetic
DH-0175,21.882317,80.182218,375.6,176.0,86.6,91.5,4.9,5.94,6.0,51.07,QUARTZITE,2025-02-14,Northern_Limb,0,synthetic
DH-0176,21.880029,80.178587,392.9,99.4,11.7,15.8,4.1,5.98,2.0,46.97,QUARTZITE,2025-07-06,Northern_Limb,0,synthetic
DH-0177,21.885691,80.179897,417.4,56.9,23.7,25.5,1.8,1.96,2.23,55.1,CALC_GRANULITE,2025-10-15,Northern_Limb,0,synthetic
DH-0178,21.880191,80.182293,376.0,145.6,22.4,29.6,7.2,29.6,5.46,13.82,MANSAR_SCHIST,2023-01-01,Northern_Limb,1,synthetic
DH-0179,21.876428,80.175024,392.6,156.5,141.3,146.8,5.5,0.4,5.96,45.87,TIRODI_GNEISS,2025-11-07,Northern_Limb,0,synthetic
DH-0180,21.891894,80.173472,422.0,120.9,76.1,83.8,7.7,0.49,4.59,58.06,TIRODI_GNEISS,2025-01-14,Northern_Limb,0,synthetic
DH-0181,21.877863,80.17982,390.1,156.4,120.9,127.2,6.3,33.9,8.16,13.57,MANSAR_SCHIST,2025-08-26,Northern_Limb,1,synthetic
DH-0182,21.884541,80.184656,377.1,141.7,93.5,97.3,3.8,25.38,6.61,30.15,GONDITE,2024-03-30,Northern_Limb,1,synthetic
DH-0183,21.88637,80.175339,415.8,45.3,26.8,40.4,13.6,18.3,4.17,12.88,GONDITE,2024-08-20,Northern_Limb,1,synthetic
DH-0184,21.883244,80.170781,410.1,118.9,77.9,79.2,1.3,2.0,2.06,63.75,CALC_GRANULITE,2023-12-03,Northern_Limb,0,synthetic
DH-0185,21.884845,80.177915,373.0,111.5,76.7,80.6,3.9,1.36,5.08,53.81,TIRODI_GNEISS,2024-06-04,Northern_Limb,0,synthetic
DH-0186,21.886088,80.178225,355.9,127.5,22.4,34.7,12.3,31.76,9.72,19.17,MANSAR_SCHIST,2024-03-17,Northern_Limb,1,synthetic
DH-0187,21.88645,80.190201,359.5,106.7,70.7,72.5,1.8,6.79,6.96,45.98,QUARTZITE,2025-04-28,Northern_Limb,0,synthetic
DH-0188,21.879707,80.189182,355.7,51.3,35.4,40.5,5.1,0.42,3.89,53.63,TIRODI_GNEISS,2025-07-11,Northern_Limb,0,synthetic
DH-0189,21.883024,80.169002,380.1,106.7,92.7,94.6,1.9,0.63,5.18,73.17,TIRODI_GNEISS,2025-10-18,Northern_Limb,0,synthetic
DH-0190,21.883676,80.172596,400.4,45.6,6.5,14.0,7.5,0.86,5.21,45.93,TIRODI_GNEISS,2025-09-16,Northern_Limb,0,synthetic
DH-0191,21.885731,80.169173,356.4,169.8,112.1,114.3,2.2,5.75,5.8,48.74,QUARTZITE,2023-09-20,Northern_Limb,0,synthetic
DH-0192,21.878247,80.17672,395.1,59.0,31.4,38.6,7.2,1.14,5.31,56.8,TIRODI_GNEISS,2025-10-29,Northern_Limb,0,synthetic
DH-0193,21.877449,80.176344,404.4,164.0,150.9,158.3,7.4,1.17,3.85,73.18,CALC_GRANULITE,2024-05-23,Northern_Limb,0,synthetic
DH-0194,21.880134,80.186363,418.5,81.9,65.2,72.9,7.7,14.9,4.89,14.33,GONDITE,2023-10-01,Northern_Limb,0,synthetic
DH-0195,21.884518,80.177049,397.1,63.7,39.1,45.3,6.2,1.44,5.78,51.84,TIRODI_GNEISS,2024-09-04,Northern_Limb,0,synthetic
DH-0196,21.888359,80.189579,421.1,158.8,128.8,134.8,6.0,0.31,5.27,69.43,TIRODI_GNEISS,2024-03-21,Northern_Limb,0,synthetic
DH-0197,21.885702,80.171879,359.2,72.1,45.8,51.6,5.8,0.4,2.34,46.46,TIRODI_GNEISS,2023-09-29,Northern_Limb,0,synthetic
DH-0198,21.879979,80.179505,407.1,177.5,163.5,165.7,2.2,0.67,5.14,46.4,TIRODI_GNEISS,2024-10-22,Northern_Limb,0,synthetic
DH-0199,21.877422,80.176138,371.0,140.9,75.8,80.9,5.1,0.96,6.3,66.94,CALC_GRANULITE,2025-05-04,Northern_Limb,0,synthetic
DH-0200,21.884812,80.181094,421.0,136.0,39.6,46.5,6.9,1.09,3.68,68.61,TIRODI_GNEISS,2023-01-27,Northern_Limb,0,synthetic
DH-0201,21.886485,80.180629,371.7,115.6,43.3,44.7,1.4,3.55,6.03,48.27,QUARTZITE,2023-04-26,Northern_Limb,0,synthetic
DH-0202,21.874416,80.173346,360.1,72.0,61.1,66.9,5.8,4.84,2.33,61.83,QUARTZITE,2023-10-27,Northern_Limb,0,synthetic
DH-0203,21.889109,80.195014,375.0,158.3,117.4,119.8,2.4,0.69,4.26,45.1,TIRODI_GNEISS,2023-03-08,Northern_Limb,0,synthetic
DH-0204,21.881164,80.179273,407.1,93.4,13.0,20.1,7.1,2.5,3.43,71.89,CALC_GRANULITE,2024-04-04,Northern_Limb,0,synthetic
DH-0205,21.886211,80.181625,371.4,145.2,55.6,60.2,4.6,1.17,6.37,46.67,TIRODI_GNEISS,2024-08-12,Northern_Limb,0,synthetic
DH-0206,21.878417,80.178789,356.5,138.5,115.2,122.2,7.0,37.62,5.5,30.7,MANSAR_SCHIST,2024-10-02,Northern_Limb,1,synthetic
DH-0207,21.880326,80.181886,395.7,175.4,7.1,9.9,2.8,3.99,4.2,58.95,QUARTZITE,2025-06-26,Northern_Limb,0,synthetic
DH-0208,21.888146,80.183851,378.0,157.0,105.1,110.6,5.5,1.89,2.2,45.49,TIRODI_GNEISS,2024-02-07,Northern_Limb,0,synthetic
DH-0209,21.890918,80.172635,374.5,149.8,44.7,46.9,2.2,5.91,5.01,50.52,QUARTZITE,2023-06-02,Northern_Limb,0,synthetic
DH-0210,21.884872,80.183963,380.4,70.2,45.6,47.4,1.8,2.23,4.34,50.58,QUARTZITE,2023-03-25,Northern_Limb,0,synthetic
DH-0211,21.883056,80.178724,365.6,102.8,28.2,30.3,2.1,1.41,2.74,45.81,TIRODI_GNEISS,2024-06-06,Northern_Limb,0,synthetic
DH-0212,21.883201,80.169519,412.3,45.8,26.9,29.0,2.1,3.04,3.24,68.77,CALC_GRANULITE,2023-11-11,Northern_Limb,0,synthetic
DH-0213,21.880392,80.17685,393.3,170.4,12.9,20.4,7.5,0.3,2.3,70.88,TIRODI_GNEISS,2024-09-08,Northern_Limb,0,synthetic
DH-0214,21.884701,80.185466,385.0,111.2,57.9,59.4,1.5,1.51,4.9,55.55,TIRODI_GNEISS,2024-10-12,Northern_Limb,0,synthetic
DH-0215,21.882075,80.173686,375.1,115.9,57.5,64.0,6.5,4.85,2.85,71.6,QUARTZITE,2023-11-23,Northern_Limb,0,synthetic
DH-0216,21.883249,80.174456,407.2,101.2,39.8,43.2,3.4,0.85,4.37,73.01,TIRODI_GNEISS,2024-03-12,Northern_Limb,0,synthetic
DH-0217,21.889617,80.182565,390.9,134.6,48.2,50.7,2.5,3.48,4.98,64.12,CALC_GRANULITE,2025-12-22,Northern_Limb,0,synthetic
DH-0218,21.887141,80.182335,406.2,109.1,82.5,90.4,7.9,1.04,6.9,63.3,TIRODI_GNEISS,2023-01-19,Northern_Limb,0,synthetic
DH-0219,21.878685,80.186933,376.3,60.5,25.3,32.6,7.3,2.01,5.99,70.1,CALC_GRANULITE,2024-05-14,Northern_Limb,0,synthetic
DH-0220,21.888018,80.175067,389.6,174.5,146.3,150.0,3.7,0.94,6.48,56.86,TIRODI_GNEISS,2023-08-21,Northern_Limb,0,synthetic
DH-0221,21.879791,80.173649,370.0,97.1,64.4,65.6,1.2,0.47,6.09,52.44,TIRODI_GNEISS,2025-11-24,Northern_Limb,0,synthetic
DH-0222,21.879594,80.181577,423.5,156.0,77.5,82.1,4.6,3.38,5.84,68.55,CALC_GRANULITE,2025-09-23,Northern_Limb,0,synthetic
DH-0223,21.87887,80.184711,410.0,50.9,11.9,16.5,4.6,1.82,2.57,57.2,TIRODI_GNEISS,2023-07-16,Northern_Limb,0,synthetic
DH-0224,21.87997,80.178715,361.9,67.6,33.0,38.4,5.4,1.99,4.84,65.52,TIRODI_GNEISS,2024-03-07,Northern_Limb,0,synthetic
DH-0225,21.891795,80.178449,422.0,135.5,109.2,113.2,4.0,1.92,4.46,77.76,QUARTZITE,2023-08-01,Northern_Limb,0,synthetic
DH-0226,21.889175,80.171793,362.5,72.8,55.8,62.0,6.2,1.77,3.5,55.08,TIRODI_GNEISS,2025-06-10,Northern_Limb,0,synthetic
DH-0227,21.885074,80.179824,360.9,132.3,92.6,94.7,2.1,3.72,6.25,77.73,QUARTZITE,2025-07-29,Northern_Limb,0,synthetic
DH-0228,21.880008,80.178518,365.1,141.8,16.1,17.5,1.4,2.44,3.3,51.75,QUARTZITE,2024-05-30,Northern_Limb,0,synthetic
DH-0229,21.881026,80.179251,415.0,120.3,91.5,98.9,7.4,0.94,5.06,66.18,TIRODI_GNEISS,2025-04-14,Northern_Limb,0,synthetic
DH-0230,21.884051,80.188594,390.7,97.4,38.3,41.5,3.2,1.47,3.73,55.9,TIRODI_GNEISS,2025-03-08,Northern_Limb,0,synthetic
DH-0231,21.884941,80.17181,380.2,135.9,5.7,11.7,6.0,0.93,6.18,47.41,TIRODI_GNEISS,2023-05-10,Northern_Limb,0,synthetic
DH-0232,21.890738,80.188939,381.9,147.1,11.0,17.9,6.9,1.64,3.4,73.76,TIRODI_GNEISS,2025-01-02,Northern_Limb,0,synthetic
DH-0233,21.884654,80.184096,409.1,170.3,50.0,55.8,5.8,4.91,6.83,54.33,QUARTZITE,2023-06-27,Northern_Limb,0,synthetic
DH-0234,21.881588,80.17641,398.0,83.0,32.1,44.1,12.0,30.36,6.88,29.0,GONDITE,2023-03-05,Northern_Limb,1,synthetic
DH-0235,21.880226,80.174806,359.1,109.0,25.7,31.9,6.2,1.08,6.73,57.83,TIRODI_GNEISS,2024-08-27,Northern_Limb,0,synthetic
DH-0236,21.879548,80.189851,358.3,174.6,52.6,59.8,7.2,1.93,6.42,69.85,QUARTZITE,2025-02-03,Northern_Limb,0,synthetic
DH-0237,21.889525,80.173783,362.8,174.2,93.1,98.0,4.9,6.85,6.11,54.38,QUARTZITE,2023-09-10,Northern_Limb,0,synthetic
DH-0238,21.884123,80.1717,422.7,50.6,26.2,31.0,4.8,0.85,5.9,75.4,TIRODI_GNEISS,2023-06-24,Northern_Limb,0,synthetic
DH-0239,21.886427,80.177652,373.8,86.1,57.7,63.8,6.1,0.56,4.54,72.83,TIRODI_GNEISS,2024-03-09,Northern_Limb,0,synthetic
DH-0240,21.879273,80.180694,372.6,100.7,78.0,80.0,2.0,1.25,4.88,47.54,TIRODI_GNEISS,2024-01-12,Northern_Limb,0,synthetic
