constraint_id,mine_id,mine_name,constraint_category,constraint_name,value,unit,constraint_type,constraint_status,validity_period,source_name,source_year,data_status,provenance_status,notes
CON_BAL_EC_CAP,MOIL_BALAGHAT,Balaghat (Bharweli),environmental,Max Statutory Annual Production,800000.0,tonnes/year,upper_bound,reported,2020-2030,Balaghat DSR & MoEFCC EC Clearance,2022,source-derived,verified,"Environmental Clearance statutory ceiling for Bharweli underground & opencast."
CON_BAL_BEN_REC,MOIL_BALAGHAT,Balaghat (Bharweli),processing,Beneficiation Clean Ore Recovery,82.5,percent,operational_target,reported,Current,Balaghat DSR & IBM MCDR Review,2022,source-derived,verified,"Integrated heavy media separation (HMS) & magnetic separation plant yield."
CON_BAL_STOW_RATIO,MOIL_BALAGHAT,Balaghat (Bharweli),safety_geotechnical,Hydraulic Sand Stowing Ratio,1.15,m3_sand/tonne_ore,lower_bound,reported,Current,IBM Mining Plan & DGMS Regulation,2022,source-derived,verified,"Mandatory hydraulic stowing ratio for cut-and-fill underground stoping in Bharweli reef."
CON_BAL_PUMP_CAP,MOIL_BALAGHAT,Balaghat (Bharweli),dewatering,Shaft Pumping Dewatering Capacity,4500.0,gpm,lower_bound,reported,Monsoon Standard,Balaghat DSR & MOIL Engineering Data,2022,source-derived,verified,"High-head underground dewatering pump station rating to prevent lower level flooding."
CON_UKW_EC_CAP,MOIL_UKWA,Ukwa,environmental,Max Statutory Annual Production,250000.0,tonnes/year,upper_bound,reported,2020-2030,Balaghat DSR & MoEFCC EC Clearance,2022,source-derived,verified,"Environmental Clearance statutory ceiling for Ukwa opencast/underground."
CON_UKW_STRIP_RATIO,MOIL_UKWA,Ukwa,mining_geometry,Max Allowable Stripping Ratio,0.85,m3/tonne,upper_bound,planned,Five-Year Plan,Balaghat DSR & IBM Mining Plan,2022,source-derived,verified,"Economic stripping cutoff for opencast extension before transitioning to underground."
CON_TIR_EC_CAP,MOIL_TIRODI,Tirodi,environmental,Max Statutory Annual Production,350000.0,tonnes/year,upper_bound,reported,2020-2030,Balaghat DSR & MoEFCC EC Clearance,2022,source-derived,verified,"Environmental Clearance statutory ceiling for Tirodi opencast workings."
CON_TIR_BENCH_HT,MOIL_TIRODI,Tirodi,mining_geometry,Max Bench Height Opencast,6.0,meters,upper_bound,reported,DGMS Standard,Balaghat DSR & IBM Inspection,2022,source-derived,verified,"DGMS permissible bench height for mechanized hard rock manganese excavation."
CON_SIT_EC_CAP,MOIL_SITAPATORE,Sitapatore-Sukli,environmental,Max Statutory Annual Production,100000.0,tonnes/year,upper_bound,reported,2020-2030,Balaghat DSR & MoEFCC EC Clearance,2022,source-derived,verified,"Environmental Clearance statutory ceiling for Sitapatore."
